id,title,difficulty,tags

1,Two Sum,Easy,Array|Hash Table
125,Valid Palindrome,Easy,Two Pointers|String
4,Median of Two Sorted Arrays,Hard,Array|Binary Search|Divide and Conquer
121,Best Time to Buy and Sell Stock,Easy,Array|Dynamic Programming
206,Reverse Linked List,Easy,Linked List|Recursion
152,Maximum Product Subarray,Medium,Array|Dynamic Programming
792,Binary Search,Easy,Array|Binary Search
2556,Convert the Temperature,Easy,Math
13,Roman to Integer,Easy,Hash Table|Math|String
14,Longest Common Prefix,Easy,Array|String|Trie
64,Minimum Path Sum,Medium,Array|Dynamic Programming|Matrix
1603,Running Sum of 1d Array,Easy,Array|Prefix Sum
2,Add Two Numbers,Medium,Linked List|Math|Recursion
3,Longest Substring Without Repeating Characters,Medium,Hash Table|String|Sliding Window
1791,Richest Customer Wealth,Easy,Array|Matrix
2732,Counter,Easy,
2384,Root Equals Sum of Children,Easy,Tree|Binary Tree
2809,Create Hello World Function,Easy,
88,Merge Sorted Array,Easy,Array|Two Pointers|Sorting
100,Same Tree,Easy,Tree|Depth-First Search|Breadth-First Search|Binary Tree
33,Search in Rotated Sorted Array,Medium,Array|Binary Search
5,Longest Palindromic Substring,Medium,Two Pointers|String|Dynamic Programming
3221,Find the Peaks,Easy,Array|Enumeration
35,Search Insert Position,Easy,Array|Binary Search